{
  "model": "XGBoost",
  "label": "global",
  "best_mae": 2.1273753935745834,
  "params": {
    "n_estimators": 550,
    "learning_rate": 0.05373075383602183,
    "max_depth": 8,
    "subsample": 0.8049771821079034,
    "colsample_bytree": 0.9731026804971433,
    "min_child_weight": 3,
    "gamma": 0.46721163657062076,
    "reg_alpha": 0.0941784778791576,
    "reg_lambda": 2.9274637258722955e-05
  }
}