{
  "model": "XGBoost",
  "label": "node1",
  "best_mae": 3.595776188909624,
  "params": {
    "n_estimators": 450,
    "learning_rate": 0.09463472865611895,
    "max_depth": 7,
    "subsample": 0.7582733595360577,
    "colsample_bytree": 0.9351317941290573,
    "min_child_weight": 2,
    "gamma": 0.21070254976077077,
    "reg_alpha": 0.019554062882088063,
    "reg_lambda": 0.2912928455627887
  }
}