{
  "model": "LightGBM",
  "label": "global",
  "best_mae": 2.133850748764609,
  "params": {
    "max_depth": 9,
    "num_leaves": 132,
    "n_estimators": 250,
    "learning_rate": 0.029051719888849394,
    "min_child_samples": 7,
    "subsample": 0.5463604730071667,
    "colsample_bytree": 0.9756199445705375,
    "reg_alpha": 0.4016396576514225,
    "reg_lambda": 0.12753665526385652
  }
}