{
  "model": "XGBoost",
  "label": "node2",
  "best_mae": 0.8380276846630492,
  "params": {
    "n_estimators": 100,
    "learning_rate": 0.22174373135154224,
    "max_depth": 7,
    "subsample": 0.7583150726058324,
    "colsample_bytree": 0.9297574044973711,
    "min_child_weight": 2,
    "gamma": 0.16061563878012455,
    "reg_alpha": 1.1556414716556408e-08,
    "reg_lambda": 8.790646562442495e-06
  }
}