{
  "model": "LightGBM",
  "label": "global",
  "best_mae": 2.647442985006294,
  "params": {
    "max_depth": 8,
    "num_leaves": 157,
    "n_estimators": 100,
    "learning_rate": 0.06015568027492316,
    "min_child_samples": 21,
    "subsample": 0.5325257964926398,
    "colsample_bytree": 0.9744427686266666,
    "reg_alpha": 4.905556676028774,
    "reg_lambda": 0.18861495878553936
  }
}