{
  "model": "CatBoost",
  "label": "global",
  "best_mae": 2.8431831163839543,
  "params": {
    "iterations": 450,
    "learning_rate": 0.21155741395841124,
    "depth": 5,
    "l2_leaf_reg": 4.998646486979096,
    "random_strength": 0.02487587506524233,
    "bagging_temperature": 0.5664049362748634,
    "border_count": 203
  }
}