{
  "model": "CatBoost",
  "label": "node1",
  "best_mae": 12.102602117114944,
  "params": {
    "iterations": 500,
    "learning_rate": 0.017402809206301453,
    "depth": 4,
    "l2_leaf_reg": 10.579262371170197,
    "random_strength": 1.320457481218804,
    "bagging_temperature": 0.12203823484477883,
    "border_count": 142
  }
}