{
  "model": "CatBoost",
  "label": "node1",
  "best_mae": 3.9327065038529576,
  "params": {
    "iterations": 400,
    "learning_rate": 0.05682151748534971,
    "depth": 4,
    "l2_leaf_reg": 1.2505073806627895,
    "random_strength": 0.002790518809768286,
    "bagging_temperature": 0.18421952034212283,
    "border_count": 202
  }
}