{
  "model": "XGBoost",
  "label": "global",
  "best_mae": 2.8082432954922383,
  "params": {
    "n_estimators": 100,
    "learning_rate": 0.1409236110165583,
    "max_depth": 8,
    "subsample": 0.8645035840204937,
    "colsample_bytree": 0.8856351733429728,
    "min_child_weight": 1,
    "gamma": 0.3584657285442726,
    "reg_alpha": 1.1036250149900698e-07,
    "reg_lambda": 0.5860448217200517
  }
}