{
  "model": "CatBoost",
  "label": "node2",
  "best_mae": 0.948836829714916,
  "params": {
    "iterations": 300,
    "learning_rate": 0.27353215353301435,
    "depth": 4,
    "l2_leaf_reg": 9.657837815974649,
    "random_strength": 0.047889296062082004,
    "bagging_temperature": 0.78595012607494,
    "border_count": 156
  }
}